insurer_name,insurer_key,surface_name,audience,line_of_business,journey_type,canonical_url,launch_url,url_kind,auth_type,challenge_profile,session_profile,integration_type,public_api_evidence,broker_standardization_likelihood,same_for_all_brokers,notes,confidence,official_sources,checked_at
Allianz,allianz,AllianzNet Corretor (Portal do Corretor),corretor,multiproduto,login_base,https://www.allianznet.com.br/ngx-epac/public/home,https://www.allianznet.com.br/ngx-epac/public/home,canonical,login_password,unknown,likely_expires,portal_only,unclear,high,unknown,Portal do corretor com login por usuário e senha; página indica senha sensível a maiúsculas/minúsculas e oferece recuperação de senha.,confirmed,https://www.allianznet.com.br/ngx-epac/public/home,2026-04-06
Allianz,allianz,AllianzNet SSO/IDP (SEAServlet),corretor,multiproduto,login_base,https://www.allianznet.com.br/idp/SEAServlet?action=home,https://www.allianznet.com.br/idp/SEAServlet?action=home,sessionized,login_password,unknown,likely_expires,portal_only,unclear,medium,unknown,Página de identificação do SSO/IDP; exibe mensagem de sessão expirada e campos User/Password.,confirmed,https://www.allianznet.com.br/idp/SEAServlet?action=home,2026-04-06
Allianz,allianz,Allianz Cliente (Portal do Cliente),segurado,multiproduto,login_base,https://seguros.allianz.com.br/ngx-ecliente/public/register,https://seguros.allianz.com.br/ngx-ecliente/public/register,canonical,login_password,unknown,likely_expires,mixed,unclear,medium,unknown,"Portal do segurado/cliente com serviços como emissão de 2ª via de boleto, visão de apólices, abertura e status de sinistros (conforme página institucional); cadastro/ativação utiliza código enviado por e-mail.",confirmed,https://www.allianz.com.br/sobre-allianz/allianz-cliente.html; https://seguros.allianz.com.br/ngx-ecliente/public/register; https://seguros.allianz.com.br/ngx-ecliente/public/activation-code,2026-04-06
Allianz,allianz,Allianz Cliente (tela de código de ativação),segurado,multiproduto,login_base,https://seguros.allianz.com.br/ngx-ecliente/public/activation-code,https://seguros.allianz.com.br/ngx-ecliente/public/activation-code,canonical,login_password_mfa,unknown,likely_expires,mixed,unclear,medium,unknown,"Fluxo de registro/ativação do portal solicita CPF/CNPJ, usuário e código de ativação.",confirmed,https://seguros.allianz.com.br/ngx-ecliente/public/activation-code,2026-04-06
Allianz,allianz,Pagamentos Allianz (extrato/boleto/2ª via),segurado,multiproduto,cobrança,https://www.allianz.com.br/pagamentos.html,https://www.allianz.com.br/pagamentos.html,canonical,unknown,none,unknown,portal_only,unclear,high,unknown,Página institucional para acessar extrato e boleto/2ª via e apoiar gestão de pagamentos.,confirmed,https://www.allianz.com.br/pagamentos.html,2026-04-06
Allianz,allianz,Serviços Digitais Allianz (hub),segurado,multiproduto,suporte,https://www.allianz.com.br/servicos.html,https://www.allianz.com.br/servicos.html,canonical,unknown,none,unknown,mixed,unclear,high,unknown,"Hub institucional com atalhos para portais (corretor/cliente/prestador), chat e outras jornadas.",confirmed,https://www.allianz.com.br/servicos.html,2026-04-06
Allianz,allianz,Contato Allianz (central de canais digitais),segurado,multiproduto,suporte,https://www.allianz.com.br/contato.html,https://www.allianz.com.br/contato.html,canonical,unknown,none,unknown,mixed,unclear,high,unknown,"Página institucional consolida canais digitais para assistência, sinistro digital, chat e app.",confirmed,https://www.allianz.com.br/contato.html,2026-04-06
Allianz,allianz,Sinistro Digital Allianz (aviso e acompanhamento),segurado,multiproduto,sinistro,https://sec-br.controlexpert.com,https://sec-br.controlexpert.com/apps/allianz.ect360/acm/,deep_link,unknown,unknown,unknown,portal_only,unclear,medium,unknown,Plataforma externa linkada do site da Allianz para aviso e acompanhamento de sinistro; evidência institucional também afirma acesso por múltiplos canais.,confirmed,https://www.allianz.com.br/contato.html; https://sec-br.controlexpert.com/apps/allianz.ect360/acm/,2026-04-06
Allianz,allianz,Assistência 24h online Allianz Auto,segurado,auto,assistência,https://allianzauto.assistencia24h.com.br/,https://allianzauto.assistencia24h.com.br/,canonical,unknown,unknown,unknown,portal_only,unclear,medium,unknown,Canal web para solicitação de assistência auto (linkado do portal institucional).,confirmed,https://www.allianz.com.br/contato.html,2026-04-06
Allianz,allianz,Chat Allianz (atendimento digital),segurado,multiproduto,suporte,https://chatcc.allianz.com.br,https://chatcc.allianz.com.br,canonical,unknown,unknown,unknown,mixed,unclear,high,unknown,Canal de chat para atendimento (linkado em páginas institucionais de serviços/contato).,confirmed,https://www.allianz.com.br/contato.html; https://www.allianz.com.br/servicos.html,2026-04-06
Allianz,allianz,AllianzNet Prestador (portal parceiro/prestador),parceiro,multiproduto,login_base,https://www.allianznet.com.br/,https://www.allianznet.com.br/,canonical,login_password,unknown,likely_expires,portal_only,unclear,medium,unknown,Página institucional de prestadores informa existir canal dedicado via 'Allianznet Prestador' para gerir documentações e pagamentos.,strong_evidence,https://www.allianz.com.br/sobre-allianz/prestadores.html,2026-04-06
Allianz,allianz,Portal Transportes (Allianz),interno,transporte,login_base,https://transportes.allianznet.com.br/Login,https://transportes.allianznet.com.br/Login,canonical,login_password,unknown,likely_expires,portal_only,unclear,low,unknown,Portal específico de transportes com tela de login e seleção de filial; função exata (interno x parceiro) não é explicitada na tela.,confirmed,https://transportes.allianznet.com.br/Login; https://www.allianz.com.br/sobre-allianz/prestadores.html,2026-04-06
Allianz,allianz,App Allianz Cliente (Android),segurado,multiproduto,mobile_app,https://play.google.com/store/apps/details?hl=pt_BR&id=br.com.allianz.mobile.auto,https://play.google.com/store/apps/details?hl=pt_BR&id=br.com.allianz.mobile.auto,canonical,unknown,unknown,unknown,app_only,unclear,high,yes,"App oficial para Auto/Residência/Vida/AP; permite consultar apólice, pagamentos, aviso/acompanhamento de sinistro e assistência (conforme descrição).",confirmed,https://play.google.com/store/apps/details?hl=pt_BR&id=br.com.allianz.mobile.auto; https://www.allianz.com.br/servicos/app-allianz-cliente.html,2026-04-06
Allianz,allianz,App Allianz Cliente (iOS),segurado,multiproduto,mobile_app,https://apps.apple.com/br/app/allianz-cliente/id1554862261,https://apps.apple.com/br/app/allianz-cliente/id1554862261,canonical,unknown,unknown,unknown,app_only,unclear,high,yes,Versão iOS do app oficial Allianz Cliente.,confirmed,https://apps.apple.com/br/app/allianz-cliente/id1554862261; https://www.allianz.com.br/servicos/app-allianz-cliente.html,2026-04-06
Allianz,allianz,Cotação online (hub),segurado,multiproduto,cotação,https://cote.allianz.com.br/,https://cote.allianz.com.br/,canonical,unknown,unknown,unknown,portal_only,unclear,high,yes,"Hub de cotação on-line referenciado no site institucional para Seguro Auto, Residencial e Vida (pode ser SPA).",strong_evidence,https://www.allianz.com.br/; https://cote.allianz.com.br/,2026-04-06
Porto,porto,Corretor Online (COL) - login,corretor,multiproduto,login_base,https://corretor.portoseguro.com.br/corretoronline/,https://corretor.portoseguro.com.br/corretoronline/,canonical,login_password_captcha,captcha,likely_expires,portal_only,unclear,high,unknown,"Portal do corretor solicita CPF, senha e SUSEP e menciona reCAPTCHA para segurança. Há mensagens de sessão expirada e restrições por SUSEP/parceiro.",confirmed,https://corretor.portoseguro.com.br/corretoronline/,2026-04-06
Porto,porto,Portal do Cliente (Porto ID) - login,segurado,multiproduto,login_base,https://cliente.portoseguro.com.br/auth/login,https://cliente.portoseguro.com.br/auth/login,canonical,unknown,unknown,unknown,mixed,unclear,medium,unknown,Entrada do portal do cliente via Porto ID (conteúdo carregado por JS; URL de login obtida em base de ajuda e links institucionais).,strong_evidence,https://www.portoseguro.com.br/consulta-de-clientes/portal-cliente-porto-seguro; https://www.portoseguro.com.br/consulta-de-clientes/login-no-portal-do-cliente,2026-04-06
Porto,porto,Área do Cliente (hub institucional),segurado,multiproduto,suporte,https://www.portoseguro.com.br/area-do-cliente,https://www.portoseguro.com.br/area-do-cliente,canonical,unknown,none,unknown,mixed,unclear,high,unknown,Página-hub para acesso à Área do Cliente (conteúdo/CTA de entrada observável via resultado oficial; página pode carregar via JS na coleta).,strong_evidence,https://www.portoseguro.com.br/area-do-cliente; https://www.portoseguro.com.br/consulta-de-clientes/portal-cliente-porto-seguro,2026-04-06
Porto,porto,Quero Pagar (2ª via de boletos / pagamentos),segurado,multiproduto,segunda_via,https://www.portoseguro.com.br/quero-pagar,https://www.portoseguro.com.br/quero-pagar,canonical,unknown,unknown,unknown,portal_only,unclear,high,unknown,Portal para emissão de 2ª via de boletos por produto; página informa que alguns produtos só podem ser visualizados na Área do Cliente.,strong_evidence,https://www.portoseguro.com.br/quero-pagar,2026-04-06
Porto,porto,FAQ: 2ª via de boleto da apólice (instruções),segurado,multiproduto,segunda_via,https://www.portoseguro.com.br/faqs/como-solicito-segunda-via-de-boleto-da-minha-apolice,https://www.portoseguro.com.br/faqs/como-solicito-segunda-via-de-boleto-da-minha-apolice,canonical,unknown,none,unknown,portal_only,unclear,high,unknown,FAQ oficial orienta emissão via app (menu financeiro) e alternativa via 'Quero Pagar' ou WhatsApp.,confirmed,https://www.portoseguro.com.br/faqs/como-solicito-segunda-via-de-boleto-da-minha-apolice; https://www.portoseguro.com.br/quero-pagar,2026-04-06
Porto,porto,Avisos de Sinistros (hub),segurado,multiproduto,sinistro,https://www.portoseguro.com.br/atendimento/sinistros,https://www.portoseguro.com.br/atendimento/sinistros,canonical,unknown,unknown,unknown,portal_only,unclear,high,unknown,"Página institucional promete facilidade para aviso de sinistros (veículos, imóveis, empresas, celular). Pode requerer navegação JS.",strong_evidence,https://www.portoseguro.com.br/atendimento/sinistros,2026-04-06
Porto,porto,Sinistro de Veículos (aviso digital),segurado,auto,sinistro,https://www.portoseguro.com.br/sinistros/veiculos,https://www.portoseguro.com.br/sinistros/veiculos,canonical,unknown,unknown,unknown,portal_only,unclear,high,unknown,Página institucional de sinistro de veículos indica abertura de sinistro 100% digital.,strong_evidence,https://www.portoseguro.com.br/sinistros/veiculos,2026-04-06
Porto,porto,Sinistro Seguro Celular,segurado,unknown,sinistro,https://www.portoseguro.com.br/sinistros/celular,https://www.portoseguro.com.br/sinistros/celular,canonical,unknown,unknown,unknown,portal_only,unclear,medium,unknown,Página institucional indica canais digitais para abertura/acompanhamento de sinistro de celular (pode carregar via JS).,strong_evidence,https://www.portoseguro.com.br/sinistros/celular.html,2026-04-06
Porto,porto,Sinistro Vida e Família (Seguro de Vida),segurado,vida,sinistro,https://www.portoseguro.com.br/sinistros/vida-e-familia/sinistro-seguro-vida,https://www.portoseguro.com.br/sinistros/vida-e-familia/sinistro-seguro-vida,canonical,unknown,unknown,unknown,portal_only,unclear,medium,unknown,Página institucional com orientações para sinistro de seguro de vida.,confirmed,https://www.portoseguro.com.br/sinistros/vida-e-familia/sinistro-seguro-vida,2026-04-06
Porto,porto,Assistência 24h para o seu carro (SOS / canais digitais),segurado,auto,assistência,https://www.portoseguro.com.br/beneficios/assistencia-24h-para-o-seu-carro,https://www.portoseguro.com.br/beneficios/assistencia-24h-para-o-seu-carro,canonical,unknown,unknown,unknown,portal_only,unclear,high,unknown,Página institucional orienta solicitação de assistência por SOS Porto Seguro e WhatsApp.,strong_evidence,https://www.portoseguro.com.br/beneficios/assistencia-24h-para-o-seu-carro,2026-04-06
Porto,porto,Seguro Auto (landing de cotação),segurado,auto,cotação,https://www.portoseguro.com.br/seguro-auto,https://www.portoseguro.com.br/seguro-auto,canonical,unknown,unknown,unknown,portal_only,unclear,high,unknown,Landing institucional do Seguro Auto com CTA de 'Faça uma cotação'.,strong_evidence,https://www.portoseguro.com.br/seguro-auto; https://www.portoseguro.com.br/,2026-04-06
Porto,porto,Cotação digital Seguro Auto (loja) - placa do veículo,segurado,auto,cotação,https://www.portoseguro.com.br/loja/seguro-auto/placa-do-veiculo,https://www.portoseguro.com.br/loja/seguro-auto/placa-do-veiculo,deep_link,unknown,unknown,unknown,portal_only,unclear,medium,unknown,Fluxo de cotação digital solicita placa do veículo e preenche dados automaticamente.,confirmed,https://www.portoseguro.com.br/loja/seguro-auto/placa-do-veiculo,2026-04-06
Porto,porto,App Porto (Android),segurado,multiproduto,mobile_app,https://play.google.com/store/apps/details?hl=pt_BR&id=br.com.portoseguro.experienciacliente.mundoporto,https://play.google.com/store/apps/details?hl=pt_BR&id=br.com.portoseguro.experienciacliente.mundoporto,canonical,unknown,unknown,unknown,app_only,unclear,high,yes,"App oficial agrega serviços de seguros e conta/cartão; descrição cita 2ª via de boleto, aviso de sinistro e assistência 24h, inclusive para Azul Seguros.",confirmed,https://play.google.com/store/apps/details?hl=pt_BR&id=br.com.portoseguro.experienciacliente.mundoporto; https://www.portoseguro.com.br/app-porto-download,2026-04-06
Porto,porto,App Porto (iOS),segurado,multiproduto,mobile_app,https://apps.apple.com/br/app/porto-conta-digital-e-seguros/id1511026277,https://apps.apple.com/br/app/porto-conta-digital-e-seguros/id1511026277,canonical,unknown,unknown,unknown,app_only,unclear,high,yes,Versão iOS do app Porto (Conta Digital e Seguros).,confirmed,https://apps.apple.com/br/app/porto-conta-digital-e-seguros/id1511026277; https://www.portoseguro.com.br/app-porto-download,2026-04-06
Porto,porto,Sinistro Ágil (rota legada),segurado,auto,sinistro,https://wwws.portoseguro.com.br/avisointernet/iniciarAviso.do,https://wwws.portoseguro.com.br/avisointernet/iniciarAviso.do,legacy_route,unknown,unknown,unknown,portal_only,unclear,low,unknown,Rota legada relacionada a aviso online; a própria página informa que o site mudou e direciona para novo fluxo (coleta apresentou erro de decodificação).,partial_evidence,https://wwws.portoseguro.com.br/avisointernet/iniciarAviso.do,2026-04-06
Porto,porto,Acompanhamento de Sinistro Auto (rota legada),segurado,auto,status,https://wwws.portoseguro.com.br/acompanhamentosinistro/login.doss,https://wwws.portoseguro.com.br/acompanhamentosinistro/login.doss,legacy_route,unknown,unknown,unknown,portal_only,unclear,low,unknown,Rota legada para acompanhamento de sinistro; indica migração para timeline (na coleta houve erro de decodificação).,partial_evidence,https://wwws.portoseguro.com.br/acompanhamentosinistro/login.doss,2026-04-06
HDI,hdi,Acessos (hub de portais),segurado,multiproduto,suporte,https://www.hdiseguros.com.br/acessos,https://www.hdiseguros.com.br/acessos,canonical,unknown,none,unknown,mixed,unclear,high,yes,"Hub oficial lista portais para corretor, colaborador, segurado, prestador (portal de serviços), desenvolvedor e CitNet.",confirmed,https://www.hdiseguros.com.br/acessos,2026-04-06
HDI,hdi,Canais Digitais (hub de jornadas e portais),segurado,multiproduto,suporte,https://www.hdiseguros.com.br/servicos/canais-digitais,https://www.hdiseguros.com.br/servicos/canais-digitais,canonical,unknown,none,unknown,mixed,unclear,high,yes,"Página descreve canais digitais para segurado, corretor, terceiro e prestador, incluindo app e assistência 24h.",confirmed,https://www.hdiseguros.com.br/servicos/canais-digitais,2026-04-06
HDI,hdi,HDI Digital (Portal do Corretor) - login,corretor,multiproduto,login_base,https://www.hdi.com.br/hdidigital/,https://www.hdi.com.br/hdidigital/,canonical,login_password,unknown,likely_expires,portal_only,unclear,high,unknown,Portal do corretor com campos Usuário/Senha e fluxo de 'esqueci minha senha'; página orienta cadastro de corretores via link institucional.,confirmed,https://www.hdi.com.br/hdidigital/; https://www.hdiseguros.com.br/servicos/canais-digitais,2026-04-06
HDI,hdi,Portal do Segurado HDI - login,segurado,multiproduto,login_base,https://www.hdi.com.br/segurado/v2/portalDoSegurado/login,https://www.hdi.com.br/segurado/v2/portalDoSegurado/login,canonical,login_password,unknown,likely_expires,portal_only,unclear,high,unknown,"Página de login do Portal do Segurado indica ações disponíveis: abrir assistência 24h, avisar sinistro, emitir 2ª via de boleto, acompanhar sinistro e conferir apólice (conteúdo pode carregar via JS na coleta).",strong_evidence,https://www.hdi.com.br/segurado/v2/portalDoSegurado/login; https://www.hdiseguros.com.br/servicos/canais-digitais,2026-04-06
HDI,hdi,Aviso de Sinistro (Segurado) - Sofia,segurado,multiproduto,sinistro,https://avisodesinistro.hdi.com.br/,https://avisodesinistro.hdi.com.br/,canonical,unknown,unknown,unknown,portal_only,unclear,medium,unknown,Canal dedicado para aviso de sinistro do segurado (URL referenciada no site oficial; conteúdo não foi renderizado na coleta).,strong_evidence,https://www.hdiseguros.com.br/; https://avisodesinistro.hdi.com.br/,2026-04-06
HDI,hdi,Portal do Terceiro (sinistro) - página de instruções,terceiro,auto,sinistro,https://www.hdiseguros.com.br/servicos/portal-do-terceiro,https://www.hdiseguros.com.br/servicos/portal-do-terceiro,canonical,unknown,none,unknown,portal_only,unclear,high,unknown,"Página orienta terceiros a se cadastrarem com placa do veículo segurado ou número do sinistro + data de ocorrência, e lista funcionalidades (aviso, agendamento de vistoria, envio de fotos, status, etc.).",confirmed,https://www.hdiseguros.com.br/servicos/portal-do-terceiro,2026-04-06
HDI,hdi,Portal do Terceiro (acesso/app),terceiro,auto,login_base,https://www.hdi.com.br/terceiro/,https://www.hdi.com.br/terceiro/,canonical,unknown,unknown,unknown,portal_only,unclear,medium,unknown,Portal de acesso do terceiro (cadastro e abertura do sinistro) apontado na página de instruções; renderização pública via JS dificultou captura textual.,strong_evidence,https://www.hdiseguros.com.br/servicos/portal-do-terceiro; https://www.hdi.com.br/terceiro/,2026-04-06
HDI,hdi,Portal de Serviços (prestadores/oficinas) - login,parceiro,multiproduto,login_base,https://www.hdi.com.br/hdiprestador/,https://www.hdi.com.br/hdiprestador/,canonical,login_password,unknown,likely_expires,portal_only,unclear,medium,unknown,Login para prestadores/oficinas; seleção de perfil (Oficinas/Prestador de Serviços).,confirmed,https://www.hdi.com.br/hdiprestador/; https://www.hdiseguros.com.br/servicos/canais-digitais,2026-04-06
HDI,hdi,Assistência 24h (autoatendimento Facil24h),segurado,multiproduto,assistência,https://autoatendimento.facil24h.com.br/,https://autoatendimento.facil24h.com.br/,canonical,unknown,unknown,unknown,portal_only,unclear,medium,unknown,Canal externo linkado do site oficial para solicitação de assistência (auto e residência).,confirmed,https://www.hdiseguros.com.br/; https://www.hdiseguros.com.br/servicos/canais-digitais,2026-04-06
HDI,hdi,App HDI Segurado (Android),segurado,multiproduto,mobile_app,https://play.google.com/store/apps/details?hl=pt_BR&id=com.hdi.segurado,https://play.google.com/store/apps/details?hl=pt_BR&id=com.hdi.segurado,canonical,unknown,unknown,unknown,app_only,unclear,high,yes,"App do segurado com carteirinha, apólice, pagamentos, oficinas, assistência 24h e aviso/acompanhamento de sinistro.",confirmed,https://play.google.com/store/apps/details?hl=pt_BR&id=com.hdi.segurado; https://www.hdiseguros.com.br/servicos/canais-digitais,2026-04-06
HDI,hdi,App HDI Segurado (iOS),segurado,multiproduto,mobile_app,https://apps.apple.com/br/app/hdi-segurado/id1170248571,https://apps.apple.com/br/app/hdi-segurado/id1170248571,canonical,unknown,unknown,unknown,app_only,unclear,high,yes,Versão iOS do app HDI Segurado.,confirmed,https://apps.apple.com/br/app/hdi-segurado/id1170248571; https://www.hdiseguros.com.br/servicos/canais-digitais,2026-04-06
HDI,hdi,App HDI Corretor (Android),corretor,multiproduto,mobile_app,https://play.google.com/store/apps/details?hl=pt&id=hdi.com.hdicorretor,https://play.google.com/store/apps/details?hl=pt&id=hdi.com.hdicorretor,canonical,unknown,unknown,unknown,app_only,unclear,high,yes,"App para corretores com foco em gestão de carteira, tarefas, criação de proposta e atalhos de contato.",confirmed,https://play.google.com/store/apps/details?hl=pt&id=hdi.com.hdicorretor; https://www.hdiseguros.com.br/servicos/canais-digitais,2026-04-06
HDI,hdi,App HDI Corretor (iOS),corretor,multiproduto,mobile_app,https://apps.apple.com/br/app/hdi-corretor/id1133425770,https://apps.apple.com/br/app/hdi-corretor/id1133425770,canonical,unknown,unknown,unknown,app_only,unclear,high,yes,Versão iOS do app HDI Corretor.,confirmed,https://apps.apple.com/br/app/hdi-corretor/id1133425770; https://www.hdiseguros.com.br/servicos/canais-digitais,2026-04-06
Tokio Marine,tokio_marine,Portal do Corretor (Portal Parceiros) - acesso,corretor,multiproduto,login_base,https://portalparceiros.tokiomarine.com.br/,https://portalparceiros.tokiomarine.com.br/,canonical,login_password,unknown,likely_expires,portal_only,unclear,high,unknown,Página institucional de corretores direciona para Portal do Corretor; portal é restrito a corretores/colaboradores/parceiros e autentica via SSO.,strong_evidence,https://www.tokiomarine.com.br/corretores/; https://portalparceiros.tokiomarine.com.br/,2026-04-06
Tokio Marine,tokio_marine,SSO da Área do Corretor (OpenAM),corretor,multiproduto,login_base,https://ssoportais3.tokiomarine.com.br/openam/,https://ssoportais3.tokiomarine.com.br/openam/XUI/?realm=TOKIOLFR&goto=http://portalparceiros.tokiomarine.com.br/,sessionized,login_password,unknown,likely_expires,portal_only,unclear,medium,unknown,Fluxo SSO (OpenAM) usado para autenticação do Portal Parceiros/Corretor; página pode renderizar em JS ('Carregando...').,partial_evidence,https://portalparceiros.tokiomarine.com.br/; https://www.tokiomarine.com.br/canais-digitais/,2026-04-06
Tokio Marine,tokio_marine,Cadastro de Corretores (Parceiros de Negócios),corretor,multiproduto,other,https://portal.tokiomarine.com.br/parceiroNegocio/cadastro/corretor,https://portal.tokiomarine.com.br/parceiroNegocio/cadastro/corretor,canonical,unknown,none,unknown,portal_only,unclear,medium,partial,"Formulário institucional para cadastro de corretores, com análise prévia de informações e documentos.",confirmed,https://portal.tokiomarine.com.br/parceiroNegocio/cadastro/corretor; https://www.tokiomarine.com.br/corretores/,2026-04-06
Tokio Marine,tokio_marine,Canais Digitais Tokio Marine (hub do cliente),segurado,multiproduto,suporte,https://www.tokiomarine.com.br/canais-digitais/,https://www.tokiomarine.com.br/canais-digitais/,canonical,unknown,none,unknown,mixed,unclear,high,yes,"Página institucional consolida Área do Cliente, assistências, pagamentos, 2ª via de apólice e links para apps; contém link explícito para Área do Corretor (SSO).",confirmed,https://www.tokiomarine.com.br/canais-digitais/,2026-04-06
Tokio Marine,tokio_marine,Nova Área do Cliente / Autoatendimento (portal),segurado,multiproduto,login_base,https://autoatendimento.tokiomarine.com.br/,https://autoatendimento.tokiomarine.com.br/superapp/,canonical,unknown,unknown,unknown,mixed,unclear,high,unknown,Portal de autoatendimento do cliente indicado no hub de Canais Digitais; rotas internas e conteúdo podem ser carregados via JS.,strong_evidence,https://www.tokiomarine.com.br/canais-digitais/; https://autoatendimento.tokiomarine.com.br/superapp/,2026-04-06
Tokio Marine,tokio_marine,Pagamentos (Área do Cliente / Autoatendimento),segurado,multiproduto,cobrança,https://autoatendimento.tokiomarine.com.br/portais/ui/smart-web/,https://autoatendimento.tokiomarine.com.br/portais/ui/smart-web/,deep_link,unknown,unknown,unknown,portal_only,unclear,medium,unknown,Deep link de 'Pagamentos' a partir do hub institucional; renderização pública não foi capturada na coleta (JS).,partial_evidence,https://www.tokiomarine.com.br/canais-digitais/,2026-04-06
Tokio Marine,tokio_marine,2ª via Apólice (Área do Cliente / Autoatendimento),segurado,multiproduto,apólice/documentos,https://autoatendimento.tokiomarine.com.br/portais/ui/smart-web/,https://autoatendimento.tokiomarine.com.br/portais/ui/smart-web/,deep_link,unknown,unknown,unknown,portal_only,unclear,medium,unknown,Deep link para 2ª via de apólice a partir do hub institucional; aparentemente usa a mesma rota base de smart-web.,partial_evidence,https://www.tokiomarine.com.br/canais-digitais/,2026-04-06
Tokio Marine,tokio_marine,Assistência 24h - guincho (Área do Cliente / Autoatendimento),segurado,auto,assistência,https://autoatendimento.tokiomarine.com.br/portais/ui/assistencia24h/,https://autoatendimento.tokiomarine.com.br/portais/ui/assistencia24h/,deep_link,unknown,unknown,unknown,portal_only,unclear,medium,unknown,Deep link de assistência 24h automóvel (guincho) indicado no hub institucional; conteúdo pode ser gerenciado via SPA.,partial_evidence,https://www.tokiomarine.com.br/canais-digitais/,2026-04-06
Tokio Marine,tokio_marine,Cotar Seguro Auto e Moto (digital),segurado,auto,cotação,https://cotacoes.tokiomarine.com.br/massificados/auto/digital/front/,https://cotacoes.tokiomarine.com.br/massificados/auto/digital/front/,canonical,unknown,unknown,unknown,portal_only,unclear,high,yes,Página dedicada de cotação online de seguro auto/moto (digital).,confirmed,https://cotacoes.tokiomarine.com.br/massificados/auto/digital/front/,2026-04-06
Tokio Marine,tokio_marine,Cotações (hub),segurado,multiproduto,cotação,https://www.tokiomarine.com.br/cotacoes/,https://www.tokiomarine.com.br/cotacoes/,canonical,unknown,none,unknown,portal_only,unclear,high,yes,"Hub institucional para simulações/cotações on-line por categoria (auto, moto, etc.).",confirmed,https://www.tokiomarine.com.br/cotacoes/,2026-04-06
Tokio Marine,tokio_marine,App Tokio Marine: seguro auto (Android),segurado,multiproduto,mobile_app,https://play.google.com/store/apps/details?hl=pt&id=br.com.tokiomarine.seguradora.mobile.superapp,https://play.google.com/store/apps/details?hl=pt&id=br.com.tokiomarine.seguradora.mobile.superapp,canonical,unknown,unknown,unknown,app_only,unclear,high,yes,"Super App do segurado com gestão de seguros, documentos, assistência 24h, sinistro e pagamentos; inclui cotação/contratação conforme descrição.",confirmed,https://play.google.com/store/apps/details?hl=pt&id=br.com.tokiomarine.seguradora.mobile.superapp; https://www.tokiomarine.com.br/canais-digitais/,2026-04-06
Tokio Marine,tokio_marine,App Tokio Marine: seguro auto (iOS),segurado,multiproduto,mobile_app,https://apps.apple.com/br/app/tokio-marine-seguro-auto/id1582879602,https://apps.apple.com/br/app/tokio-marine-seguro-auto/id1582879602,canonical,unknown,unknown,unknown,app_only,unclear,high,yes,"Versão iOS do app do segurado com pagamentos, documentos, assistência 24h e sinistro.",confirmed,https://apps.apple.com/br/app/tokio-marine-seguro-auto/id1582879602; https://www.tokiomarine.com.br/canais-digitais/,2026-04-06
Tokio Marine,tokio_marine,Tokio Corretor (Android),corretor,multiproduto,mobile_app,https://play.google.com/store/apps/details?hl=pt&id=br.com.tokiomarine.seguradora.mobile.superapp.corretor,https://play.google.com/store/apps/details?hl=pt&id=br.com.tokiomarine.seguradora.mobile.superapp.corretor,canonical,unknown,unknown,unknown,app_only,unclear,high,yes,"App para corretores com consulta de apólices/pagamentos dos segurados, 2ª via de boletos/documentos, pendências de emissão e extratos/comissão, aviso/acompanhamento de sinistro.",confirmed,https://play.google.com/store/apps/details?hl=pt&id=br.com.tokiomarine.seguradora.mobile.superapp.corretor; https://www.tokiomarine.com.br/lp/mobile/corretor/,2026-04-06
Tokio Marine,tokio_marine,Tokio Corretor (iOS),corretor,multiproduto,mobile_app,https://apps.apple.com/br/app/tokio-corretor/id6450320793,https://apps.apple.com/br/app/tokio-corretor/id6450320793,canonical,unknown,unknown,unknown,app_only,unclear,high,yes,Versão iOS do app Tokio Corretor.,confirmed,https://apps.apple.com/br/app/tokio-corretor/id6450320793; https://www.tokiomarine.com.br/lp/mobile/corretor/,2026-04-06
Tokio Marine,tokio_marine,Super App Corretor (landing institucional),corretor,multiproduto,suporte,https://www.tokiomarine.com.br/lp/mobile/corretor/,https://www.tokiomarine.com.br/lp/mobile/corretor/,canonical,unknown,none,unknown,mixed,unclear,high,unknown,Landing do app para corretores informa que o acesso usa as mesmas credenciais já existentes no portal do corretor e que o uso requer corretor cadastrado e liberado.,confirmed,https://www.tokiomarine.com.br/lp/mobile/corretor/,2026-04-06
Tokio Marine,tokio_marine,Super App Cliente (landing institucional),segurado,multiproduto,suporte,https://www.tokiomarine.com.br/lp/mobile/cliente/,https://www.tokiomarine.com.br/lp/mobile/cliente/,canonical,unknown,none,unknown,mixed,unclear,high,unknown,"Landing do Super App do cliente descreve funcionalidades como 2ª via de apólices, documentos, assistências e pagamentos (Pix).",confirmed,https://www.tokiomarine.com.br/lp/mobile/cliente/,2026-04-06
Alfa Seguros,alfa,AlfaNet Workflow (sinistro) - login,interno,multiproduto,sinistro,https://workflow.alfaseguradora.com.br/,https://workflow.alfaseguradora.com.br/,canonical,login_password,unknown,likely_expires,portal_only,no,low,no,"Sistema 'Workflow Sinistro AlfaNet' acessível pela internet, mas aparenta ser para operação interna/backoffice (não há evidência pública de acesso por corretor).",partial_evidence,https://workflow.alfaseguradora.com.br/,2026-04-07
Alfa Seguros,alfa,Área do Corretor (login),corretor,multiproduto,login_base,https://wwws.alfaseguradora.com.br/portal/Corretor/Login,https://wwws.alfaseguradora.com.br/portal/Corretor/Login,canonical,login_password,unknown,likely_expires,portal_only,unclear,high,yes,Portal direcionado a corretores (Alfa Seguradora / Alfa Vida).,confirmed,https://wwws.alfaseguradora.com.br/portal/Corretor/Login,2026-04-07
Alfa Seguros,alfa,Cálculo (portal de cálculo/cotação),corretor,multiproduto,cotação,https://calculo.alfaseguradora.com.br/,https://calculo.alfaseguradora.com.br/,canonical,login_password,unknown,likely_expires,portal_only,unclear,high,unknown,Portal específico para cálculo/cotação; tipicamente usado para operações do corretor.,confirmed,https://calculo.alfaseguradora.com.br/,2026-04-07
Alfa Seguros,alfa,Site institucional (home com atalhos para área do cliente e do corretor),segurado,multiproduto,other,https://wwws.alfaseguradora.com.br/,https://wwws.alfaseguradora.com.br/,canonical,unknown,none,unknown,mixed,no,medium,yes,"Home expõe atalhos 'Área do cliente' e 'Área do corretor', além de conteúdos de produtos e assistência 24h.",confirmed,https://wwws.alfaseguradora.com.br/,2026-04-07
Alfa Seguros,alfa,Área do Segurado (login),segurado,multiproduto,login_base,https://wwws.alfaseguradora.com.br/Segurado/,https://wwws.alfaseguradora.com.br/Segurado/,canonical,login_password,unknown,likely_expires,portal_only,no,medium,yes,Área restrita do segurado (cliente).,confirmed,https://wwws.alfaseguradora.com.br/Segurado/,2026-04-07
Alfa Seguros,alfa,Assistência 24h e aviso de sinistro (contatos por produto),segurado,multiproduto,assistência,https://wwws.alfaseguradora.com.br/Portal/Auto/Assistencia,https://wwws.alfaseguradora.com.br/Portal/Auto/Assistencia,canonical,unknown,none,unknown,portal_only,no,high,yes,Página lista contatos de assistência e aviso de sinistro para linhas (Vida; Auto/Resid/Empresa/Condomínio etc).,confirmed,https://wwws.alfaseguradora.com.br/Portal/Auto/Assistencia,2026-04-07
Alfa Seguros,alfa,Oficinas Referenciadas (sinistro auto),segurado,auto,assistência,https://wwws.alfaseguradora.com.br/Portal/Sinistro/OficinasReferenciadas,https://wwws.alfaseguradora.com.br/Portal/Sinistro/OficinasReferenciadas,canonical,unknown,none,unknown,portal_only,no,high,yes,Consulta de oficinas referenciadas dentro do menu de sinistro.,confirmed,https://wwws.alfaseguradora.com.br/Portal/Sinistro/OficinasReferenciadas,2026-04-07
Alfa Seguros,alfa,Formulários Úteis (sinistro),segurado,multiproduto,apólice/documentos,https://wwws.alfaseguradora.com.br/Portal/Sinistro/Formularios,https://wwws.alfaseguradora.com.br/Portal/Sinistro/Formularios,canonical,unknown,none,unknown,portal_only,no,high,yes,Página agrega formulários e menu de 'Em caso de sinistro'.,confirmed,https://wwws.alfaseguradora.com.br/Portal/Sinistro/Formularios,2026-04-07
Alfa Seguros,alfa,Formulário de Aviso de Sinistro (PDF),segurado,multiproduto,sinistro,https://wwws.alfaseguradora.com.br/Portal/Arquivos/244/2/Aviso%20de%20sinistro.pdf,https://wwws.alfaseguradora.com.br/Portal/Arquivos/244/2/Aviso%20de%20sinistro.pdf,canonical,unknown,none,unknown,portal_only,no,medium,yes,PDF de aviso de sinistro menciona campos para corretor; útil para processos e coleta de dados.,confirmed,https://wwws.alfaseguradora.com.br/Portal/Arquivos/244/2/Aviso%20de%20sinistro.pdf,2026-04-07
Alfa Seguros,alfa,Formulário de Indenização Integral (PDF),segurado,auto,sinistro,https://wwws.alfaseguradora.com.br/Portal/Arquivos/244/1/Formulario%20Indenizacao%20Integral%20Alfa.pdf,https://wwws.alfaseguradora.com.br/Portal/Arquivos/244/1/Formulario%20Indenizacao%20Integral%20Alfa.pdf,canonical,unknown,none,unknown,portal_only,no,medium,yes,Documento de sinistro (indenização integral) com orientações e prazos.,confirmed,https://wwws.alfaseguradora.com.br/Portal/Arquivos/244/1/Formulario%20Indenizacao%20Integral%20Alfa.pdf,2026-04-07
Alfa Seguros,alfa,Procedimentos de Sinistro Vida (PDF),segurado,vida,sinistro,https://wwws.alfaseguradora.com.br/Portal/Arquivos/244/2/Procedimentos%20-%20Sinistro%20Vida-dez-18.pdf,https://wwws.alfaseguradora.com.br/Portal/Arquivos/244/2/Procedimentos%20-%20Sinistro%20Vida-dez-18.pdf,canonical,unknown,none,unknown,portal_only,no,medium,yes,PDF descreve canais e procedimentos para comunicar sinistro vida.,confirmed,https://wwws.alfaseguradora.com.br/Portal/Arquivos/244/2/Procedimentos%20-%20Sinistro%20Vida-dez-18.pdf,2026-04-07
Alfa Seguros,alfa,Condições Gerais e manuais de assistência (hub),segurado,multiproduto,apólice/documentos,https://wwws.alfaseguradora.com.br/Portal/Alfa/CondicoesGerais,https://wwws.alfaseguradora.com.br/Portal/Alfa/CondicoesGerais,canonical,unknown,none,unknown,portal_only,no,medium,yes,Página lista condições gerais e manuais (inclui manuais de assistência 24h).,confirmed,https://wwws.alfaseguradora.com.br/Portal/Alfa/CondicoesGerais,2026-04-07
Azul Seguros,azul,Corretor Online (Grupo Porto) - acesso para corretores (inclui Azul no ecossistema),corretor,auto,login_base,https://corretor.portoseguro.com.br/corretoronline/,https://corretor.portoseguro.com.br/corretoronline/,canonical,login_password_captcha,captcha,likely_expires,portal_only,unclear,high,yes,Página de login do Corretor Online exibe 'Ecossistema' com Azul; usada como base para ferramentas de cálculo/renovação citadas pela Azul.,confirmed,https://corretor.portoseguro.com.br/corretoronline/; https://www.azulseguros.com.br/perguntas-frequentes/como-fazer-o-calculo-de-seguros-na-azul-seguros/,2026-04-07
Azul Seguros,azul,PPWeb (multicálculo/renovação congênere) - via Corretor Online,corretor,auto,multicálculo,https://corretor.portoseguro.com.br/corretoronline/,https://www.azulseguros.com.br/perguntas-frequentes/como-fazer-o-calculo-de-seguros-na-azul-seguros/,deep_link,login_password_captcha,captcha,likely_expires,portal_only,unclear,high,yes,FAQ da Azul orienta corretores a usar o PPWeb disponível no Corretor Online (plataforma do grupo). Não há URL pública dedicada do PPWeb; acesso presumido pós-login.,strong_evidence,https://www.azulseguros.com.br/perguntas-frequentes/como-fazer-o-calculo-de-seguros-na-azul-seguros/; https://corretor.portoseguro.com.br/corretoronline/,2026-04-07
Azul Seguros,azul,Área Restrita (hub multi-perfil: corretor/cliente/terceiro/produção/prestador),segurado,auto,login_base,https://www.azulseguros.com.br/area-restrita/,https://www.azulseguros.com.br/area-restrita/,canonical,login_password,captcha,likely_expires,portal_only,unclear,medium,yes,Seletor de perfil com login e fluxos de recuperação de senha; usa reCAPTCHA no fluxo de recuperação.,confirmed,https://www.azulseguros.com.br/area-restrita/,2026-04-07
Azul Seguros,azul,Portal do Segurado (base logada),segurado,auto,login_base,https://www.azulseguros.com.br/area-restrita/segurado/,https://www.azulseguros.com.br/area-restrita/segurado/,canonical,login_password,captcha,likely_expires,portal_only,unclear,high,yes,Base da área logada do segurado; usada também como referência em FAQ de parcelas.,strong_evidence,https://www.azulseguros.com.br/perguntas-frequentes/como-o-segurado-pode-consultar-situacao-das-parcelas-da-apolice/,2026-04-07
Azul Seguros,azul,Cadastro no Portal do Segurado (criação de login/senha),segurado,auto,login_base,https://www.azulseguros.com.br/area-restrita/segurado/cadastro/,https://www.azulseguros.com.br/area-restrita/segurado/cadastro/,canonical,login_password,captcha,likely_expires,portal_only,unclear,high,yes,Fluxo de cadastro com confirmação por e-mail ou celular (chave de validação); orienta contato com corretor quando dados não são reconhecidos.,confirmed,https://www.azulseguros.com.br/area-restrita/segurado/cadastro/,2026-04-07
Azul Seguros,azul,2ª via de apólice (Portal do Segurado),segurado,auto,segunda_via,https://www.azulseguros.com.br/area-restrita/segurado/2a-via-de-apolice/,https://www.azulseguros.com.br/area-restrita/segurado/2a-via-de-apolice/,canonical,login_password,captcha,likely_expires,portal_only,unclear,high,yes,Página existe e informa que é necessário login para acessar.,confirmed,https://www.azulseguros.com.br/area-restrita/segurado/2a-via-de-apolice/,2026-04-07
Azul Seguros,azul,2ª via de apólice (deep link: apólice / parcelas),segurado,auto,apólice/documentos,https://www.azulseguros.com.br/area-restrita/segurado/2a-via-de-apolice/apolice-parcelas/,https://www.azulseguros.com.br/area-restrita/segurado/2a-via-de-apolice/apolice-parcelas/,deep_link,login_password,captcha,likely_expires,portal_only,unclear,medium,yes,Rota interna da jornada de 2ª via/apólice; requer login.,confirmed,https://www.azulseguros.com.br/area-restrita/segurado/2a-via-de-apolice/apolice-parcelas/,2026-04-07
Azul Seguros,azul,Relação de parcelas (status de pagamento / boletos),segurado,auto,cobrança,https://www.azulseguros.com.br/area-restrita/segurado/relacao-de-parcelas/,https://www.azulseguros.com.br/area-restrita/segurado/relacao-de-parcelas/,canonical,login_password,captcha,likely_expires,portal_only,unclear,high,yes,Página da área restrita para consulta de parcelas; associada a gestão de boletos/pagamento (inclui fluxo de boleto de endosso conforme notícia).,strong_evidence,https://www.azulseguros.com.br/area-restrita/segurado/relacao-de-parcelas/; https://www.azulseguros.com.br/fique-por-dentro/como-fazer-a-gestao-financeira-do-pagamento-do-seguro/,2026-04-07
Azul Seguros,azul,Envio de documentos online (sinistro) - área logada,segurado,auto,sinistro,https://www.azulseguros.com.br/area-restrita/segurado/envio-de-documentos-online/,https://www.azulseguros.com.br/area-restrita/segurado/envio-de-documentos-online/,canonical,login_password,captcha,likely_expires,portal_only,unclear,high,yes,Autosserviço de envio de documentos do sinistro; requer login.,confirmed,https://www.azulseguros.com.br/area-restrita/segurado/envio-de-documentos-online/; https://www.azulseguros.com.br/perguntas-frequentes/por-onde-eu-envio-os-documentos-pedidos-pela-analise-de-sinistro/,2026-04-07
Azul Seguros,azul,Envio de documentos físicos (código de postagem) - área logada,segurado,auto,sinistro,https://www.azulseguros.com.br/area-restrita/segurado/envio-de-documentos-fisicos/,https://www.azulseguros.com.br/area-restrita/segurado/envio-de-documentos-fisicos/,canonical,login_password,captcha,likely_expires,portal_only,unclear,high,yes,Autosserviço para geração de código de postagem e envio por correio; requer login e usa reCAPTCHA em fluxos relacionados.,confirmed,https://www.azulseguros.com.br/area-restrita/segurado/envio-de-documentos-fisicos/; https://www.azulseguros.com.br/fique-por-dentro/como-enviar-documentos-originais-pelo-correio-e-sem-custo/,2026-04-07
Azul Seguros,azul,Acompanhe o sinistro (autosserviço logado),segurado,auto,status,https://www.azulseguros.com.br/area-restrita/segurado/acompanhe-o-sinistro/,https://www.azulseguros.com.br/area-restrita/segurado/acompanhe-o-sinistro/,canonical,login_password,captcha,likely_expires,portal_only,unclear,high,yes,"Autosserviço de acompanhamento; a página pode retornar erro intermitente, mas mantém seção de contatos de sinistro/assistência.",partial_evidence,https://www.azulseguros.com.br/area-restrita/segurado/acompanhe-o-sinistro/; https://www.azulseguros.com.br/perguntas-frequentes/como-posso-saber-a-situacao-atual-e-os-proximos-passos-do-meu-processo-de-sinistro/,2026-04-07
Azul Seguros,azul,Pague Fácil (2ª via de boleto / pagamento),segurado,auto,cobrança,https://www.azulseguros.com.br/pague-facil,https://www.azulseguros.com.br/pague-facil,canonical,unknown,none,unknown,portal_only,unclear,high,yes,Página pública de entrada do 'Pague Fácil' (citado como solução para boletos/pagamento; pode exigir login em etapas posteriores).,strong_evidence,https://www.azulseguros.com.br/resolva-aqui/; https://www.azulseguros.com.br/fique-por-dentro/como-fazer-a-gestao-financeira-do-pagamento-do-seguro/,2026-04-07
Azul Seguros,azul,SOS (acionar assistência 24h via redirecionamento),segurado,auto,assistência,https://www.azulseguros.com.br/sos,https://api.whatsapp.com/send?phone=552139062985&text=&source=&data=,deep_link,unknown,unknown,unknown,mixed,unclear,medium,yes,Link de SOS na página 'Resolva Aqui' redireciona para chat externo (api.whatsapp.com) com número (21) 3906-2985.,confirmed,https://www.azulseguros.com.br/resolva-aqui/; https://www.azulseguros.com.br/perguntas-frequentes/a-azul-tem-um-canal-de-atendimento-no-whatsapp/,2026-04-07
Azul Seguros,azul,Rede de Serviços (busca por cidade/CEP e categoria),segurado,auto,assistência,https://www.azulseguros.com.br/rede-de-servicos/,https://www.azulseguros.com.br/rede-de-servicos/,canonical,unknown,captcha,unknown,portal_only,unclear,high,yes,Ferramenta de consulta da rede; página inclui filtros e pode embutir reCAPTCHA na camada de login do site.,confirmed,https://www.azulseguros.com.br/rede-de-servicos/,2026-04-07
Azul Seguros,azul,Condições Gerais (hub de documentos),segurado,multiproduto,apólice/documentos,https://www.azulseguros.com.br/condicoes-gerais/,https://www.azulseguros.com.br/condicoes-gerais/,canonical,unknown,none,unknown,portal_only,unclear,medium,yes,Hub para consulta de condições gerais e documentos de produtos.,confirmed,https://www.azulseguros.com.br/condicoes-gerais/,2026-04-07
Azul Seguros,azul,Resolva Aqui (hub de autosserviços operacionais),segurado,auto,other,https://www.azulseguros.com.br/resolva-aqui/,https://www.azulseguros.com.br/resolva-aqui/,canonical,unknown,none,unknown,mixed,unclear,high,yes,"Página lista atalhos: Pague Fácil, SOS, sinistro, rede de serviços, documentação, etc.",confirmed,https://www.azulseguros.com.br/resolva-aqui/,2026-04-07
Azul Seguros,azul,Atendimento via chat (página de acesso),segurado,multiproduto,suporte,https://www.azulseguros.com.br/fale-com-a-azul/chat/,https://www.azulseguros.com.br/fale-com-a-azul/chat/,canonical,unknown,captcha,unknown,portal_only,unclear,medium,yes,Página oficial de atendimento via chat; pode exigir interação dinâmica.,confirmed,https://www.azulseguros.com.br/fale-com-a-azul/chat/,2026-04-07
Azul Seguros,azul,Portal para Terceiros (conteúdo + acesso via área restrita),terceiro,auto,other,https://www.azulseguros.com.br/fique-por-dentro/acesso-ao-portal-para-terceiros/,https://www.azulseguros.com.br/fique-por-dentro/acesso-ao-portal-para-terceiros/,canonical,unknown,none,unknown,portal_only,unclear,medium,yes,Artigo descreve área exclusiva para terceiros (envio de documentos e acompanhamento).,confirmed,https://www.azulseguros.com.br/fique-por-dentro/acesso-ao-portal-para-terceiros/,2026-04-07
Azul Seguros,azul,Portal do Terceiro (cadastro/recuperação e abertura de aviso),terceiro,auto,login_base,https://www.azulseguros.com.br/area-restrita/terceiro/cadastro/,https://www.azulseguros.com.br/area-restrita/terceiro/cadastro/,canonical,login_password,captcha,likely_expires,portal_only,unclear,medium,yes,Página do terceiro exibe 'Abrir Aviso de Sinistro' e fluxos de recuperação; protegida por reCAPTCHA.,confirmed,https://www.azulseguros.com.br/area-restrita/terceiro/cadastro/,2026-04-07
Azul Seguros,azul,Abertura de aviso de sinistro para terceiro (subdomínio area-restrita),terceiro,auto,sinistro,https://area-restrita.azulseguros.com.br/novoAviso/novoAvisoTerceiro_java.cfm?terceirosite=1,https://area-restrita.azulseguros.com.br/novoAviso/novoAvisoTerceiro_java.cfm?terceirosite=1,canonical,unknown,unknown,unknown,portal_only,unclear,medium,yes,Página específica para abertura de aviso (terceiro) sem depender do front-end principal do portal; solicita CPF/CNPJ e mostra contatos.,confirmed,https://area-restrita.azulseguros.com.br/novoAviso/novoAvisoTerceiro_java.cfm?terceirosite=1,2026-04-07
Azul Seguros,azul,Roteiro Operacional (Prestadores / oficinas) - PDF,parceiro,auto,other,https://www.azulseguros.com.br/wp-content/uploads/prestador/roteiro_operacional.pdf,https://www.azulseguros.com.br/wp-content/uploads/prestador/roteiro_operacional.pdf,canonical,unknown,none,unknown,portal_only,no,low,unknown,Documento operacional para prestadores/oficinas com instruções de regulação e canais (pode haver versões diferentes no site).,confirmed,https://www.azulseguros.com.br/wp-content/uploads/prestador/roteiro_operacional.pdf,2026-04-07
Azul Seguros,azul,App Porto (Android) usado por clientes Azul,segurado,auto,mobile_app,https://play.google.com/store/apps/details?id=br.com.portoseguro.experienciacliente.mundoporto,https://play.google.com/store/apps/details?id=br.com.portoseguro.experienciacliente.mundoporto,canonical,login_password,unknown,likely_persistent,app_only,unclear,high,yes,"Azul indica que o aplicativo para clientes é o App Porto, com assistência, consulta de apólice, dados do corretor e status de pagamento.",strong_evidence,https://www.azulseguros.com.br/perguntas-frequentes/a-azul-seguros-tem-aplicativo/; https://play.google.com/store/apps/details?id=br.com.portoseguro.experienciacliente.mundoporto,2026-04-07
Azul Seguros,azul,App Porto (iOS) usado por clientes Azul,segurado,auto,mobile_app,https://apps.apple.com/us/app/porto-conta-digital-e-seguros/id1511026277,https://apps.apple.com/us/app/porto-conta-digital-e-seguros/id1511026277,canonical,login_password,unknown,likely_persistent,app_only,unclear,high,yes,Listagem do App Porto na App Store; Azul aponta este app como app de clientes.,strong_evidence,https://www.azulseguros.com.br/perguntas-frequentes/a-azul-seguros-tem-aplicativo/; https://apps.apple.com/us/app/porto-conta-digital-e-seguros/id1511026277,2026-04-07
Chubb,chubb,Portal Chubb Seguros (pré-cadastro / onboarding de corretor),corretor,multiproduto,login_base,https://www.portalaceseguros.com.br/,https://www.portalaceseguros.com.br/,canonical,unknown,unknown,unknown,portal_only,no,medium,yes,Portal se apresenta como porta de entrada/cadastro para corretores que ainda não trabalham com a Chubb.,confirmed,https://www.portalaceseguros.com.br/,2026-04-07
Chubb,chubb,Portal Chubb Seguros (corretor já cadastrado - instruções de acesso),corretor,multiproduto,suporte,https://www.portalaceseguros.com.br/preportal,https://www.portalaceseguros.com.br/preportal,canonical,unknown,unknown,unknown,portal_only,no,medium,yes,Página orienta corretores cadastrados/ativos a completar cadastro no portal sem envio adicional de documentação.,confirmed,https://www.portalaceseguros.com.br/preportal,2026-04-07
Chubb,chubb,ChubbNet (portal do corretor) - página descritiva,corretor,multiproduto,other,https://www.chubb.com/br-pt/business-partners/insurance-broker-applications.html,https://www.chubb.com/br-pt/business-partners/insurance-broker-applications.html,canonical,unknown,none,unknown,mixed,unclear,high,yes,"Página oficial descreve o ChubbNet e lista funcionalidades para corretores parceiros (cotações, comissões, histórico de apólices, 2ª via de documentos, regularizar parcelas etc).",confirmed,https://www.chubb.com/br-pt/business-partners/insurance-broker-applications.html,2026-04-07
Chubb,chubb,ChubbNet (SSO login),corretor,multiproduto,login_base,https://sso.chubbnet.com/,https://sso.chubbnet.com/,canonical,login_password,unknown,likely_expires,portal_only,unclear,high,yes,Página de login do portal ChubbNet com opções de idioma e telefones (inclui Brasil).,confirmed,https://sso.chubbnet.com/; https://www.chubb.com/br-pt/business-partners/insurance-broker-applications.html,2026-04-07
Chubb,chubb,iBroker-BR (login SSO/OAuth2),corretor,multiproduto,login_base,https://brportal.chubb.com/iBroker-BR/login-logoff.action,https://brportal.chubb.com/iBroker-BR/login-logoff.action,canonical,oauth2,unknown,likely_expires,portal_only,unclear,medium,yes,Página de login com encaminhamento para domínio de autenticação (auth.chubb.com) via fluxo OAuth2/OpenID (indicado pelo redirect).,strong_evidence,https://brportal.chubb.com/iBroker-BR/login-logoff.action,2026-04-07
Chubb,chubb,Parceiros de Negócios (hub de portais/ferramentas),corretor,multiproduto,other,https://www.chubb.com/br-pt/business-partners.html,https://www.chubb.com/br-pt/business-partners.html,canonical,unknown,none,unknown,mixed,unclear,medium,yes,Hub que referencia portais e recursos para parceiros (inclui ChubbNet e Worldview).,confirmed,https://www.chubb.com/br-pt/business-partners.html,2026-04-07
Chubb,chubb,Chubb Worldview (login para programas multinacionais),parceiro,empresarial,login_base,https://www.chubb.com/br-pt/business-partners/worldview.html,https://www.chubb.com/br-pt/business-partners/worldview.html,canonical,unknown,unknown,likely_expires,portal_only,unclear,low,no,Portal voltado a gerentes de risco e programas multinacionais; relevante para corretoras corporativas específicas.,confirmed,https://www.chubb.com/br-pt/business-partners/worldview.html,2026-04-07
Chubb,chubb,Apólice Digital (consulta/baixar por código de acesso),segurado,multiproduto,apólice/documentos,https://brportal.chubb.com/portal/apolicedigital.aspx/,https://brportal.chubb.com/portal/apolicedigital.aspx/,canonical,unknown,none,unknown,portal_only,no,high,yes,"Página solicita 'código de acesso' (e, em alguns fluxos, CPF/CNPJ do titular) para baixar apólice digital.",confirmed,https://brportal.chubb.com/portal/apolicedigital.aspx/,2026-04-07
Chubb,chubb,Apólice Digital (envio de link por e-mail),segurado,multiproduto,apólice/documentos,https://brportal.chubb.com/portal/CorporateNotification.aspx,https://brportal.chubb.com/portal/CorporateNotification.aspx,deep_link,unknown,none,unknown,portal_only,no,medium,yes,Página permite solicitar envio por e-mail de arquivos relacionados à apólice digital.,confirmed,https://brportal.chubb.com/portal/CorporateNotification.aspx,2026-04-07
Chubb,chubb,ePayment (boleto) - endpoint service,segurado,multiproduto,cobrança,https://brportal.chubb.com/ePayment/ePaymentService341.aspx,https://brportal.chubb.com/ePayment/ePaymentService341.aspx?IDA4=,sessionized,unknown,none,unknown,portal_only,no,low,partial,Página de boleto (Itaú 341) aparenta ser gerada por parâmetros (ex.: IDA4). Útil para receber/validar boletos emitidos via portal/fluxos de cobrança.,confirmed,https://brportal.chubb.com/ePayment/ePaymentService341.aspx?IDA4=,2026-04-07
Chubb,chubb,Portal de Sinistros (hub),segurado,multiproduto,sinistro,https://www.chubb.com/br-pt/claims.html,https://www.chubb.com/br-pt/claims.html,canonical,unknown,none,unknown,portal_only,no,high,yes,"Hub de sinistros com links para aviso, centro de catástrofes e orientações.",confirmed,https://www.chubb.com/br-pt/claims.html,2026-04-07
Chubb,chubb,Aviso de Sinistro (página de entrada/lista por produto),segurado,multiproduto,sinistro,https://www.chubb.com/br-pt/claims/abra-um-sinistro.html,https://www.chubb.com/br-pt/claims/abra-um-sinistro.html,canonical,unknown,none,unknown,portal_only,no,high,yes,"Página de aviso de sinistro com seleção/canais por linhas (viagem, smartphone, residencial, empresarial, transportes etc).",confirmed,https://www.chubb.com/br-pt/claims/abra-um-sinistro.html,2026-04-07
Chubb,chubb,Sinistro Transportes (canais e requisitos),segurado,transporte,sinistro,https://www.chubb.com/br-pt/claims/transportes.html,https://www.chubb.com/br-pt/claims/transportes.html,canonical,unknown,none,unknown,portal_only,no,medium,yes,Página lista canais para abertura de sinistro de transportes (nacional/internacional) e informações necessárias.,confirmed,https://www.chubb.com/br-pt/claims/transportes.html,2026-04-07
Chubb,chubb,Contato Brasil (ouvidoria e canais),segurado,multiproduto,suporte,https://www.chubb.com/br-pt/contact/contact.html,https://www.chubb.com/br-pt/contact/contact.html,canonical,unknown,none,unknown,portal_only,no,medium,yes,Página de contato com ouvidoria e telefones (incluindo atendimento PCD).,confirmed,https://www.chubb.com/br-pt/contact/contact.html,2026-04-07
SulAmérica,sulamerica,Portal do Corretor (login),corretor,multiproduto,login_base,https://corretor.sulamericaseguros.com.br/,https://corretor.sulamericaseguros.com.br/,canonical,login_password,unknown,likely_expires,portal_only,unclear,high,yes,Portal explícito para corretores; portal principal de entrada (login).,confirmed,https://corretor.sulamericaseguros.com.br/,2026-04-07
SulAmérica,sulamerica,Portal do Corretor (rota legada: esqueci minha senha / 'Portal do Corretor old'),corretor,multiproduto,suporte,https://portal.sulamericaseguros.com.br/main.jsp?lumPageId=8A488A8E19DF2F300119DF82ED626AF9,https://portal.sulamericaseguros.com.br/main.jsp?lumPageId=8A488A8E19DF2F300119DF82ED626AF9,legacy_route,login_password,unknown,likely_expires,portal_only,unclear,medium,partial,Página legada de recuperação/solicitação de senha do 'Portal do Corretor old'. Útil para troubleshooting e onboarding de kit de cálculo (legado).,confirmed,https://portal.sulamericaseguros.com.br/main.jsp?lumPageId=8A488A8E19DF2F300119DF82ED626AF9,2026-04-07
SulAmérica,sulamerica,Portal do Corretor (funcionalidades: cotação/consulta/comissões/documentos),corretor,multiproduto,other,https://corretor.sulamericaseguros.com.br/,https://portal.sulamericaseguros.com.br/institucional/noticias-sulamerica/melhorias-no-portal-do-corretor.htm,deep_link,login_password,unknown,likely_expires,portal_only,unclear,high,yes,"Notícia corporativa descreve melhorias e capacidades no portal do corretor (ex.: obter PDFs de proposta/pedido de endosso para Auto, além de fluxos operacionais).",strong_evidence,https://portal.sulamericaseguros.com.br/institucional/noticias-sulamerica/melhorias-no-portal-do-corretor.htm; https://corretor.sulamericaseguros.com.br/,2026-04-07
SulAmérica,sulamerica,Portal SulAmérica (home / hub de serviços e conteúdo),segurado,multiproduto,other,https://portal.sulamericaseguros.com.br/,https://portal.sulamericaseguros.com.br/,canonical,unknown,none,unknown,mixed,unclear,medium,yes,"Portal institucional que agrega produtos, acessos rápidos, notícias e links para apps/atendimento.",confirmed,https://portal.sulamericaseguros.com.br/,2026-04-07
SulAmérica,sulamerica,Canais de Atendimento (hub filtrável por perfil/produto),segurado,multiproduto,suporte,https://portal.sulamericaseguros.com.br/canais-de-atendimento,https://portal.sulamericaseguros.com.br/canais-de-atendimento,canonical,unknown,none,unknown,portal_only,unclear,medium,yes,Página central de atendimento; inclui indicação de chat (segurado saúde/odonto) e outros canais por perfil/produto.,confirmed,https://portal.sulamericaseguros.com.br/canais-de-atendimento,2026-04-07
SulAmérica,sulamerica,Ouvidoria (formulário e canais),segurado,multiproduto,suporte,https://portal.sulamericaseguros.com.br/ouvidoria,https://portal.sulamericaseguros.com.br/ouvidoria,canonical,unknown,none,unknown,portal_only,unclear,low,yes,Canal de ouvidoria com possibilidade de encaminhar reclamação via formulário.,confirmed,https://portal.sulamericaseguros.com.br/ouvidoria,2026-04-07
SulAmérica,sulamerica,Pagamentos (hub + validação de boleto),segurado,multiproduto,cobrança,https://portal.sulamericaseguros.com.br/pagamentos,https://portal.sulamericaseguros.com.br/pagamentos,canonical,unknown,none,unknown,portal_only,unclear,medium,yes,Página agrega acessos de pagamentos (Saúde/Vida/Previdência/Odonto) e verificação de autenticidade de boleto.,confirmed,https://portal.sulamericaseguros.com.br/pagamentos,2026-04-07
SulAmérica,sulamerica,Espaço do Cliente Auto/Residencial/Condomínio/Empresarial (login por CPF/CNPJ),segurado,multiproduto,login_base,https://portal.sulamericaseguros.com.br/main.jsp?lumPageId=402881823D9DF8EE013D9E0F894208B0,https://portal.sulamericaseguros.com.br/main.jsp?lumPageId=402881823D9DF8EE013D9E0F894208B0,canonical,login_password,unknown,likely_expires,portal_only,unclear,high,yes,Login do Espaço do Cliente para linhas patrimoniais/auto; inclui recuperação de senha.,confirmed,https://portal.sulamericaseguros.com.br/main.jsp?lumPageId=402881823D9DF8EE013D9E0F894208B0,2026-04-07
SulAmérica,sulamerica,"Tutorial do Espaço do Cliente (mapa de jornadas: apólice PDF, 2ª via, sinistro, oficinas, vistoria, etc.)",segurado,auto,other,https://www.sulamerica.com.br/espacodocliente/tutorial/,https://www.sulamerica.com.br/espacodocliente/tutorial/,canonical,unknown,none,unknown,portal_only,unclear,medium,yes,"Material oficial descrevendo jornadas disponíveis no Espaço do Cliente (kit do segurado, histórico de pagamento, 2ª via, aviso/acompanhamento de sinistro, oficinas e postos de vistoria) e menciona app Auto.",confirmed,https://www.sulamerica.com.br/espacodocliente/tutorial/,2026-04-07
SulAmérica,sulamerica,Aplicativos SulAmérica (hub: Saúde e Odonto),segurado,saúde,mobile_app,https://portal.sulamericaseguros.com.br/aplicativos/,https://portal.sulamericaseguros.com.br/aplicativos/,canonical,unknown,none,unknown,mixed,unclear,medium,yes,Hub oficial de apps (foco em Saúde e Odonto).,confirmed,https://portal.sulamericaseguros.com.br/aplicativos/,2026-04-07
SulAmérica,sulamerica,App SulAmérica Saúde (Android),segurado,saúde,mobile_app,https://play.google.com/store/apps/details?id=br.com.sulamerica.sam.saude,https://play.google.com/store/apps/details?id=br.com.sulamerica.sam.saude,canonical,login_password,unknown,likely_persistent,app_only,unclear,high,yes,"App oficial do seguro saúde; inclui funções como 2ª via de boleto, carteirinha digital e reembolso/teleatendimento (conforme descrição da loja).",confirmed,https://play.google.com/store/apps/details?id=br.com.sulamerica.sam.saude; https://portal.sulamericaseguros.com.br/,2026-04-07
SulAmérica,sulamerica,App SulAmérica Saúde (iOS),segurado,saúde,mobile_app,https://apps.apple.com/br/app/sulam%C3%A9rica-sa%C3%BAde/id492556516,https://apps.apple.com/br/app/sulam%C3%A9rica-sa%C3%BAde/id492556516,canonical,login_password,unknown,likely_persistent,app_only,unclear,high,yes,Listagem oficial na App Store do app SulAmérica Saúde.,confirmed,https://apps.apple.com/br/app/sulam%C3%A9rica-sa%C3%BAde/id492556516,2026-04-07
SulAmérica,sulamerica,App SulAmérica Odonto (Android),segurado,saúde,mobile_app,https://play.google.com/store/apps/details?id=br.com.sulamerica.odonto,https://play.google.com/store/apps/details?id=br.com.sulamerica.odonto,canonical,login_password,unknown,likely_persistent,app_only,unclear,high,yes,App oficial Odonto (Android).,confirmed,https://play.google.com/store/apps/details?id=br.com.sulamerica.odonto,2026-04-07
SulAmérica,sulamerica,App SulAmérica Odonto (iOS),segurado,saúde,mobile_app,https://apps.apple.com/br/app/sulam%C3%A9rica-odonto/id1044444954,https://apps.apple.com/br/app/sulam%C3%A9rica-odonto/id1044444954,canonical,login_password,unknown,likely_persistent,app_only,unclear,high,yes,App oficial Odonto (iOS).,confirmed,https://apps.apple.com/br/app/sulam%C3%A9rica-odonto/id1044444954,2026-04-07
SulAmérica,sulamerica,Saúde Online (hub de acesso Segurado/Empresa/Referenciado),segurado,saúde,login_base,https://portal.sulamericaseguros.com.br/main.jsp?lumChannelId=8A619BA64ED07F8C014ED19C6E2C6463,https://portal.sulamericaseguros.com.br/main.jsp?lumChannelId=8A619BA64ED07F8C014ED19C6E2C6463,canonical,unknown,none,unknown,mixed,unclear,medium,yes,Página de entrada do Saúde Online com links para perfis de acesso.,confirmed,https://portal.sulamericaseguros.com.br/main.jsp?lumChannelId=8A619BA64ED07F8C014ED19C6E2C6463,2026-04-07
SulAmérica,sulamerica,Saúde Online Segurado (login + cadastro de senha),segurado,saúde,login_base,https://saude.sulamericaseguros.com.br/segurado/login/,https://saude.sulamericaseguros.com.br/segurado/login/,canonical,login_password,unknown,likely_expires,mixed,unclear,high,yes,"A própria página de cadastro de senha informa que a mesma senha dá acesso ao Saúde Online Segurado, Portal do Reembolso e app Saúde.",confirmed,https://saude.sulamericaseguros.com.br/segurado/login/,2026-04-07
SulAmérica,sulamerica,Saúde Online Empresa (login),segurado,saúde,login_base,https://saude.sulamericaseguros.com.br/empresa/login/,https://saude.sulamericaseguros.com.br/empresa/login/,canonical,login_password,unknown,likely_expires,portal_only,unclear,medium,yes,"Login de empresa; exibe atalhos como 2ª via do boleto, além de links informativos.",confirmed,https://saude.sulamericaseguros.com.br/empresa/login/,2026-04-07
SulAmérica,sulamerica,Portal do Reembolso Saúde (login),segurado,saúde,apólice/documentos,https://saude.sulamericaseguros.com.br/reembolsosaude/login/,https://saude.sulamericaseguros.com.br/reembolsosaude/login/,canonical,login_password,unknown,likely_expires,portal_only,unclear,high,yes,Portal web dedicado ao reembolso (saúde). A senha do segurado Saúde dá acesso a este portal (conforme comunicação no login do segurado Saúde).,strong_evidence,https://saude.sulamericaseguros.com.br/reembolsosaude/login/; https://saude.sulamericaseguros.com.br/segurado/login/,2026-04-07
SulAmérica,sulamerica,Portal Odonto Segurado (login por CPF/carteirinha),segurado,saúde,login_base,https://portal.sulamericaseguros.com.br/para-voce/odonto/login/,https://portal.sulamericaseguros.com.br/para-voce/odonto/login/,canonical,login_password,unknown,likely_expires,portal_only,unclear,medium,yes,Login do Odonto no portal (seleção de carteirinha).,confirmed,https://portal.sulamericaseguros.com.br/para-voce/odonto/login/,2026-04-07
SulAmérica,sulamerica,Avisar um sinistro Auto (web) - Para Empresa,segurado,auto,sinistro,https://portal.sulamericaseguros.com.br/para-empresa/auto/servicos-online/avisar-um-sinistro/avise-seu-sinistro-pela-internet.htm,https://portal.sulamericaseguros.com.br/para-empresa/auto/servicos-online/avisar-um-sinistro/avise-seu-sinistro-pela-internet.htm,canonical,unknown,none,unknown,portal_only,unclear,high,yes,Abertura de aviso de sinistro online (auto) com formulário e instruções.,confirmed,https://portal.sulamericaseguros.com.br/para-empresa/auto/servicos-online/avisar-um-sinistro/avise-seu-sinistro-pela-internet.htm,2026-04-07
SulAmérica,sulamerica,Aviso de sinistro de vidros/lanternas/retrovisores (Auto),segurado,auto,sinistro,https://portal.sulamericaseguros.com.br/para-voce/auto/servicos-online/aviso-de-sinistro-vidros-lanternas-e-retrovisores/aviso-de-sinistro-vidros-lanternas-e-retrovisores.htm,https://portal.sulamericaseguros.com.br/para-voce/auto/servicos-online/aviso-de-sinistro-vidros-lanternas-e-retrovisores/aviso-de-sinistro-vidros-lanternas-e-retrovisores.htm,canonical,unknown,none,unknown,portal_only,unclear,high,yes,"Página de serviço online (auto) com navegação para várias jornadas (2ª via, oficinas, vistoria, etc).",confirmed,https://portal.sulamericaseguros.com.br/para-voce/auto/servicos-online/aviso-de-sinistro-vidros-lanternas-e-retrovisores/aviso-de-sinistro-vidros-lanternas-e-retrovisores.htm,2026-04-07
SulAmérica,sulamerica,2ª via do boleto (Auto - individual) - serviços online,segurado,auto,segunda_via,https://portal.sulamericaseguros.com.br/para-voce/auto/servicos-online/2a-via-do-boleto-individual/,https://portal.sulamericaseguros.com.br/para-voce/auto/servicos-online/2a-via-do-boleto-individual/,canonical,unknown,challenge,likely_high_friction,portal_only,unclear,medium,yes,"URL canônica existe, porém o acesso pode redirecionar para tela com 'accessError' (indício de necessidade de sessão/login).",partial_evidence,https://portal.sulamericaseguros.com.br/para-voce/auto/servicos-online/2a-via-do-boleto-individual/; https://portal.sulamericaseguros.com.br/para-voce/auto/servicos-online/aviso-de-sinistro-vidros-lanternas-e-retrovisores/aviso-de-sinistro-vidros-lanternas-e-retrovisores.htm,2026-04-07
SulAmérica,sulamerica,Boleto em atraso (Auto - individual) - serviços online,segurado,auto,cobrança,https://portal.sulamericaseguros.com.br/para-voce/auto/servicos-online/boleto-em-atraso-individual/,https://portal.sulamericaseguros.com.br/para-voce/auto/servicos-online/boleto-em-atraso-individual/,canonical,unknown,challenge,likely_high_friction,portal_only,unclear,medium,yes,Rota canônica identificada no menu de serviços; acesso observado com redirecionamento para 'accessError'.,partial_evidence,https://portal.sulamericaseguros.com.br/para-voce/auto/servicos-online/boleto-em-atraso-individual/; https://portal.sulamericaseguros.com.br/para-voce/auto/servicos-online/aviso-de-sinistro-vidros-lanternas-e-retrovisores/aviso-de-sinistro-vidros-lanternas-e-retrovisores.htm,2026-04-07
SulAmérica,sulamerica,Acompanhamento de devoluções de crédito (Auto) - serviços online,segurado,auto,status,https://portal.sulamericaseguros.com.br/para-voce/auto/servicos-online/acompanhamento-de-devolucoes-de-credito/,https://portal.sulamericaseguros.com.br/para-voce/auto/servicos-online/acompanhamento-de-devolucoes-de-credito/,canonical,unknown,challenge,likely_high_friction,portal_only,unclear,low,yes,Rota de acompanhamento de devolução de crédito; pode requerer sessão.,partial_evidence,https://portal.sulamericaseguros.com.br/para-voce/auto/servicos-online/acompanhamento-de-devolucoes-de-credito/; https://www.sulamerica.com.br/espacodocliente/tutorial/,2026-04-07
SulAmérica,sulamerica,Informações para crédito em conta corrente (Auto) - serviços online,segurado,auto,other,https://portal.sulamericaseguros.com.br/para-voce/auto/servicos-online/informacoes-para-credito-em-conta-corrente/,https://portal.sulamericaseguros.com.br/para-voce/auto/servicos-online/informacoes-para-credito-em-conta-corrente/,canonical,unknown,challenge,likely_high_friction,portal_only,unclear,low,yes,Rota do menu de serviços online; possivelmente depende de contexto cadastral.,partial_evidence,https://portal.sulamericaseguros.com.br/para-voce/auto/servicos-online/informacoes-para-credito-em-conta-corrente/; https://www.sulamerica.com.br/espacodocliente/tutorial/,2026-04-07
SulAmérica,sulamerica,Postos de vistoria (Auto) - consulta,segurado,auto,status,https://portal.sulamericaseguros.com.br/para-voce/auto/seguro-auto/postos-de-vistoria/,https://portal.sulamericaseguros.com.br/para-voce/auto/seguro-auto/postos-de-vistoria/,canonical,unknown,challenge,likely_high_friction,portal_only,unclear,medium,yes,Rota de consulta de postos de vistoria; observada no menu do seguro Auto (pode redirecionar para 'accessError').,partial_evidence,https://portal.sulamericaseguros.com.br/para-voce/auto/seguro-auto/postos-de-vistoria/; https://www.sulamerica.com.br/espacodocliente/tutorial/,2026-04-07
SulAmérica,sulamerica,Acompanhamento de Sinistro (segurado) - rota 'santander',segurado,auto,status,https://portal.sulamericaseguros.com.br/santander/acompanhamento-de-sinistro-para-segurado.htm,https://portal.sulamericaseguros.com.br/santander/acompanhamento-de-sinistro-para-segurado.htm,canonical,unknown,none,unknown,portal_only,unclear,medium,partial,Página pública de acompanhamento (entrada por CPF/CNPJ) com rota 'santander' (indica uso também por canal específico/parceiro).,confirmed,https://portal.sulamericaseguros.com.br/santander/acompanhamento-de-sinistro-para-segurado.htm,2026-04-07
SulAmérica,sulamerica,Aviso de Sinistro Vida (acionamento com envio de documentos),segurado,vida,sinistro,https://portal.sulamericaseguros.com.br/acionamento-segurodevida/,https://portal.sulamericaseguros.com.br/acionamento-segurodevida/,canonical,unknown,none,unknown,portal_only,unclear,high,yes,Página de aviso/acionamento de sinistro com necessidade de envio de imagens de documentos e formulários.,confirmed,https://portal.sulamericaseguros.com.br/acionamento-segurodevida/,2026-04-07
SulAmérica,sulamerica,Serviços Online Vida (formulário de aviso de sinistro / solicite cálculo),segurado,vida,sinistro,https://portal.sulamericaseguros.com.br/para-voce/vida/servicos-online/,https://portal.sulamericaseguros.com.br/para-voce/vida/servicos-online/,canonical,unknown,none,unknown,portal_only,unclear,medium,yes,Página de serviços online de Vida inclui campos de Aviso de Sinistro (form web) e outros serviços.,confirmed,https://portal.sulamericaseguros.com.br/para-voce/vida/servicos-online/,2026-04-07
SulAmérica,sulamerica,Acompanhamento de Sinistro (terceiro) - rota 'santander',terceiro,auto,status,https://portal.sulamericaseguros.com.br/santander/acompanhamento-de-sinistro-de-terceiros.htm,https://portal.sulamericaseguros.com.br/santander/acompanhamento-de-sinistro-de-terceiros.htm,canonical,unknown,none,unknown,portal_only,unclear,medium,partial,Página pública de acompanhamento para terceiros (entrada por CPF/CNPJ).,confirmed,https://portal.sulamericaseguros.com.br/santander/acompanhamento-de-sinistro-de-terceiros.htm,2026-04-07
SulAmérica,sulamerica,Acompanhamento de sinistro de terceiros (Auto) - serviços online,terceiro,auto,status,https://portal.sulamericaseguros.com.br/para-voce/auto/servicos-online/acompanhamento-de-sinistro-de-terceiros/,https://portal.sulamericaseguros.com.br/para-voce/auto/servicos-online/acompanhamento-de-sinistro-de-terceiros/,canonical,unknown,challenge,likely_high_friction,portal_only,unclear,medium,partial,Rota equivalente dentro do menu de serviços online; acesso observado com redirecionamento para 'accessError'. Existe também rota pública alternativa em /santander/.,partial_evidence,https://portal.sulamericaseguros.com.br/para-voce/auto/servicos-online/acompanhamento-de-sinistro-de-terceiros/; https://portal.sulamericaseguros.com.br/santander/acompanhamento-de-sinistro-de-terceiros.htm,2026-04-07
SulAmérica,sulamerica,Fale Conosco sobre Sinistro (segurado ou terceiro),terceiro,multiproduto,suporte,https://portal.sulamericaseguros.com.br/santander/fale-conosco-sobre-sinistro.htm,https://portal.sulamericaseguros.com.br/santander/fale-conosco-sobre-sinistro.htm,canonical,unknown,none,unknown,portal_only,unclear,medium,partial,Formulário seleciona perfil (Segurado/Terceiro) e solicita CPF/CNPJ.,confirmed,https://portal.sulamericaseguros.com.br/santander/fale-conosco-sobre-sinistro.htm,2026-04-07
SulAmérica,sulamerica,Portal Referenciado Saúde (prestador) - login,parceiro,saúde,login_base,https://saude.sulamericaseguros.com.br/prestador/login/login.htm,https://saude.sulamericaseguros.com.br/prestador/login/login.htm,canonical,login_password,unknown,likely_expires,portal_only,unclear,low,unknown,Login de prestadores/referenciados da rede (saúde).,confirmed,https://saude.sulamericaseguros.com.br/prestador/login/login.htm,2026-04-07
SulAmérica,sulamerica,Portal Prestador Odonto (Sad.Net) - acesso logado,parceiro,saúde,login_base,https://prestadorodontop.sulamerica.com.br/SadNet/SadAcesso.aspx,https://prestadorodontop.sulamerica.com.br/SadNet/SadAcesso.aspx,canonical,login_password,unknown,likely_expires,portal_only,unclear,low,unknown,Portal de conectividade para dentistas/clínicas (prestadores ativos) com código + senha; usado para fluxos de guias/autorizações e rotina de faturamento (conforme páginas e manual).,confirmed,https://prestadorodontop.sulamerica.com.br/SadNet/SadAcesso.aspx; https://odonto.sulamerica.com.br/assets/manual_resumido_de_atendimento_sulamerica_odonto_04052020.pdf,2026-04-07
SulAmérica,sulamerica,Prestador Odonto PWA (paas) - login,parceiro,saúde,login_base,https://prestador-odonto-pwa.paas.sulamerica.com.br/,https://prestador-odonto-pwa.paas.sulamerica.com.br/,canonical,login_password,unknown,likely_expires,portal_only,unclear,low,unknown,PWA de prestador odonto (código do prestador + senha). Pode coexistir com Sad.Net.,confirmed,https://prestador-odonto-pwa.paas.sulamerica.com.br/,2026-04-07
SulAmérica,sulamerica,Portal Prestadores Auto (oficinas) - manual PDF (evidência pública de portal),parceiro,auto,other,https://portal.sulamericaseguros.com.br/lumis/portal/file/fileDownload.jsp?fileId=FF80808129DD41450129DD961A95466C,https://portal.sulamericaseguros.com.br/lumis/portal/file/fileDownload.jsp?fileId=FF80808129DD41450129DD961A95466C,legacy_route,login_password,none,likely_expires,portal_only,no,low,no,"Manual (2010) descreve portal de prestadores/oficinas integrado ao ClaimCenter (Guidewire), com funções de acompanhamento de reparos e faturamento. Pode ser legado.",confirmed,https://portal.sulamericaseguros.com.br/lumis/portal/file/fileDownload.jsp?fileId=FF80808129DD41450129DD961A95466C,2026-04-07
